{"0": {"col_1": 0.2884077618706371, "col_2": 0.28685140587912944, "col_3": 0.28786974917649055, "0": NaN, "1": NaN}, "col_1": {"col_1": NaN, "col_2": NaN, "col_3": NaN, "0": 0.33, "1": NaN}, "col_2": {"col_1": NaN, "col_2": NaN, "col_3": NaN, "0": 0.54, "1": 0.71}, "col_3": {"col_1": NaN, "col_2": NaN, "col_3": NaN, "0": 0.79, "1": NaN}}